{"pages": [{"topics": [[93, 0.2632453952], [57, 0.101247611], [80, 0.0812750104], [58, 0.0610548085], [59, 0.040986128], [70, 0.0016972937], [40, 0.0015662272], [60, 0.0015266005], [85, 0.0014862578], [75, 0.0012341819]], "id": "346814"}, {"topics": [[72, 0.3524429185], [97, 0.0448371875], [69, 0.0447916169], [18, 0.0227033066], [70, 0.0018463283], [40, 0.0017037533], [60, 0.0016606471], [85, 0.001616762], [75, 0.001342552], [12, 0.0012805314]], "id": "346817"}], "page_no": 2, "chart": [[72, 0.3524429185], [93, 0.2632453952], [57, 0.101247611], [80, 0.0812750104], [58, 0.0610548085], [97, 0.0448371875], [69, 0.0447916169], [59, 0.040986128], [18, 0.0227033066], [70, 0.0035436219999999997], [40, 0.0032699805], [60, 0.0031872476], [85, 0.0031030198], [75, 0.0025767339], [12, 0.0012805314]]}